class,metric,estimate,.y.,group1,group2,n1,n2,statistic,p,conf.low,conf.high,method,alternative,p.adj,p.adj.signif
epi,DSC,0.010515075325707236,value,3D,2D,100,100,4377,1.94e-10,0.00787973503178557,0.01362043502899077,Wilcoxon,two.sided,1.552e-9,****
epi,IoU,0.018549645038912883,value,3D,2D,100,100,4394,1.32e-10,0.013969887522096354,0.023899567913988534,Wilcoxon,two.sided,1.056e-9,****
epi,Sensitivity,0.010153304578862495,value,3D,2D,100,100,3478,0.00106,0.00439635636184078,0.016075175200042528,Wilcoxon,two.sided,0.00848,**
epi,Specificity,2.6081224890671173e-5,value,3D,2D,100,100,3037,0.0786,1.8716211765477714e-5,9.590379864560754e-5,Wilcoxon,two.sided,0.6288,ns
fas,DSC,0.015441966712091125,value,3D,2D,100,100,4816,3.39e-15,0.012123643989283691,0.019438329670147043,Wilcoxon,two.sided,2.712e-14,****
fas,IoU,0.026382009165065185,value,3D,2D,100,100,4821,2.96e-15,0.020816612448871688,0.03282185517544728,Wilcoxon,two.sided,2.368e-14,****
fas,Sensitivity,0.012866843426707316,value,3D,2D,100,100,3501,7.96e-4,0.006066843960676716,0.020006649750040073,Wilcoxon,two.sided,0.006368,**
fas,Specificity,1.0052754177585638e-4,value,3D,2D,100,100,3970,6.81e-7,4.71055519505554e-5,1.586152903072012e-4,Wilcoxon,two.sided,5.448e-6,****
